{
    "nbiot" : {
        "enable": false,
        "apn": "",
        "user": "",
        "password": "",
        "band": 28
    },
    "general": {
        "ntp": {
            "enable": false,
            "server": "a.ntp.org",
            "timezone": -3
        },
        "period": 30
    },
    "fichario": {
        "enable": false,
        "user": "",
        "password": "",
        "ficharioId": "",
        "host": "",
        "ssl": true,
        "qos": 1
    },
    "network": {
        "wifi": {
            "enable": false,
            "ssid": "",
            "password": "",
            "dhcp": true,
            "staticIp": {
                "ip": "",
                "gateway": "",
                "subnet": "",
                "dns": ""
            }
        },
        "ethernet": {
            "enable": true,
            "dhcp": true,
            "staticIp": {
                "ip": "",
                "gateway": "",
                "subnet": "",
                "dns": ""
            }
        }
    },
    "slaves": [],
    "servers": []
}